0.1,linear,0.96
1,linear,0.96
10,linear,0.96
100,linear,0.96
1000,linear,0.96
10000,linear,0.96
0.1,rbf,0.9
1,rbf,0.94
10,rbf,0.92
100,rbf,0.92
1000,rbf,0.92
10000,rbf,0.92
0.1,poly,0.18
1,poly,0.18
10,poly,0.24
100,poly,0.2
1000,poly,0.2
10000,poly,0.2
0.1,sigmoid,0.96
1,sigmoid,0.96
10,sigmoid,0.98
100,sigmoid,0.98
1000,sigmoid,0.98
10000,sigmoid,0.98

0.1,linear,scale,0.96
0.1,poly,scale,0.18
0.1,rbf,scale,0.9
0.1,sigmoid,scale,0.96
1,linear,scale,0.96
1,poly,scale,0.18
1,rbf,scale,0.94
1,sigmoid,scale,0.96
10,linear,scale,0.96
10,poly,scale,0.24
10,rbf,scale,0.92
10,sigmoid,scale,0.98
100,linear,scale,0.96
100,poly,scale,0.2
100,rbf,scale,0.92
100,sigmoid,scale,0.98
1000,linear,scale,0.96
1000,poly,scale,0.2
1000,rbf,scale,0.92
1000,sigmoid,scale,0.98
10000,linear,scale,0.96
10000,poly,scale,0.2
10000,rbf,scale,0.92
10000,sigmoid,scale,0.98
0.1,linear,auto,0.96
0.1,poly,auto,0.18
0.1,rbf,auto,0.9
0.1,sigmoid,auto,0.96
1,linear,auto,0.96
1,poly,auto,0.18
1,rbf,auto,0.94
1,sigmoid,auto,0.96
10,linear,auto,0.96
10,poly,auto,0.24
10,rbf,auto,0.92
10,sigmoid,auto,0.98
100,linear,auto,0.96
100,poly,auto,0.2
100,rbf,auto,0.92
100,sigmoid,auto,0.98
1000,linear,auto,0.96
1000,poly,auto,0.2
1000,rbf,auto,0.92
1000,sigmoid,auto,0.98
10000,linear,auto,0.96
10000,poly,auto,0.2
10000,rbf,auto,0.92
10000,sigmoid,auto,0.98
